{
    "media": 6928.731343283582,
    "mediana": 5100.0,
    "desvio_padrao": 6449.662425696054,
    "total": 928450.0,
    "p25": 1200.0,
    "p75": 10800.0,
    "acima_da_media": 60
}